"time","latitude","longitude","depth","mag","magType","nst","gap","dmin","rms","net","id","updated","place","type","horizontalError","depthError","magError","magNst","status","locationSource","magSource","strTime","Month","Day","Year","DailyS","CumulativeS"
2022-04-29 12:00:01,-15.4224,168.0997,120.91,4.6,"mb",NA,113,6.259,0.43,"us","us7000h5u1",2022-04-29 12:20:18,"101 km E of Luganville, Vanuatu","earthquake",8.7,9.2,0.122,20,"reviewed","us","us","04/29/22 12:00:01",4,29,2022,43201,10238401
2022-04-28 09:29:17,-19.9753,169.9052,234.54,4.4,"mb",NA,131,3.484,0.57,"us","us7000h5l6",2022-04-28 10:07:37,"81 km SE of Isangel, Vanuatu","earthquake",12.6,8.3,0.095,32,"reviewed","us","us","04/28/22 09:29:17",4,28,2022,34157,10142957
2022-04-27 23:09:23,-19.2902,167.5419,10,5.4,"mww",NA,72,3.307,1.01,"us","us7000h5hl",2022-04-28 23:12:37,"182 km N of WÃ©, New Caledonia","earthquake",7.6,1.8,0.089,12,"reviewed","us","us","04/27/22 23:09:23",4,27,2022,83363,10105763
2022-04-27 08:49:17,-22.8711,170.9858,10,4.9,"mb",NA,134,6.73,1.33,"us","us6000hgml",2022-04-27 09:04:30,"southeast of the Loyalty Islands","earthquake",11.8,2,0.112,25,"reviewed","us","us","04/27/22 08:49:17",4,27,2022,31757,10054157
2022-04-26 00:41:26,-12.6056,166.7839,86,4.7,"mb",NA,212,7.412,0.35,"us","us6000hgd4",2022-04-26 01:37:28,"163 km NNW of Sola, Vanuatu","earthquake",14.2,10.6,0.143,15,"reviewed","us","us","04/26/22 00:41:26",4,26,2022,2486,9938486
2022-04-23 11:59:11,-17.8386,168.264,50.34,4.5,"mb",NA,143,2.586,0.65,"us","us6000hfzc",2022-04-24 22:56:12,"12 km SSW of Port-Vila, Vanuatu","earthquake",8.8,9.8,0.156,13,"reviewed","us","us","04/23/22 11:59:11",4,23,2022,43151,9719951
2022-04-20 20:05:04,-15.1839,167.9568,10,4.5,"mb",NA,166,0.772,1.25,"us","us6000hf40",2022-04-29 20:05:02,"93 km ENE of Luganville, Vanuatu","earthquake",5.5,1.9,0.096,32,"reviewed","us","us","04/20/22 20:05:04",4,20,2022,72304,9489904
2022-04-20 17:58:17,-22.6918,170.8634,10,4.9,"mb",NA,122,3.157,1.05,"us","us6000hf2i",2022-04-29 18:46:35,"southeast of the Loyalty Islands","earthquake",10.8,1.9,0.091,39,"reviewed","us","us","04/20/22 17:58:17",4,20,2022,64697,9482297
2022-04-20 05:13:07,-22.9058,170.8329,10,5.9,"mww",NA,42,3.139,1.46,"us","us7000h3h9",2022-04-21 05:16:37,"southeast of the Loyalty Islands","earthquake",8.1,1.8,0.039,62,"reviewed","us","us","04/20/22 05:13:07",4,20,2022,18787,9436387
2022-04-20 04:49:38,-15.8325,167.5357,74.16,4.8,"mb",NA,85,5.617,0.61,"us","us7000h3h6",2022-04-20 22:50:02,"29 km NNE of Norsup, Vanuatu","earthquake",13.9,8.1,0.111,30,"reviewed","us","us","04/20/22 04:49:38",4,20,2022,17378,9434978
2022-04-19 00:20:53,-10.9376,166.0064,47.53,5.3,"mww",NA,54,4.631,0.73,"us","us7000h36v",2022-04-30 04:24:43,"32 km SE of Lata, Solomon Islands","earthquake",3.4,5,0.089,12,"reviewed","us","us","04/19/22 00:20:53",4,19,2022,1253,9332453
2022-04-18 23:33:34,-11.267,162.8021,11.5,5.5,"mww",NA,47,3.345,0.73,"us","us7000h36n",2022-04-29 05:24:28,"131 km SE of Kirakira, Solomon Islands","earthquake",5.6,3.6,0.086,13,"reviewed","us","us","04/18/22 23:33:34",4,18,2022,84814,9329614
2022-04-18 20:58:31,-11.4056,162.7899,10,4.4,"mb",NA,106,3.411,0.45,"us","us6000hfnu",2022-04-22 21:00:47,"141 km SE of Kirakira, Solomon Islands","earthquake",5.8,1.9,0.155,12,"reviewed","us","us","04/18/22 20:58:31",4,18,2022,75511,9320311
2022-04-18 20:03:08,-11.1836,162.8815,10,4.5,"mb",NA,88,3.367,0.76,"us","us6000hfnr",2022-04-22 20:48:32,"132 km SE of Kirakira, Solomon Islands","earthquake",8,1.9,0.151,13,"reviewed","us","us","04/18/22 20:03:08",4,18,2022,72188,9316988
2022-04-18 19:33:08,-21.7832,170.6969,98.26,4.6,"mb",NA,120,3.123,0.98,"us","us7000h34z",2022-04-22 20:41:48,"288 km SSE of Isangel, Vanuatu","earthquake",10.1,6.2,0.09,38,"reviewed","us","us","04/18/22 19:33:08",4,18,2022,70388,9315188
2022-04-17 21:46:42,-13.7202,167.2563,203.47,4.6,"mb",NA,62,1.717,0.67,"us","us7000h2yq",2022-04-25 04:43:07,"36 km WNW of Sola, Vanuatu","earthquake",8.8,4.9,0.086,41,"reviewed","us","us","04/17/22 21:46:42",4,17,2022,78402,9236802
2022-04-17 15:49:54,-22.5908,170.5049,10,4.6,"mb",NA,99,2.826,0.31,"us","us6000hfkm",2022-04-24 17:31:40,"294 km ESE of Tadine, New Caledonia","earthquake",6.7,1.9,0.222,9,"reviewed","us","us","04/17/22 15:49:54",4,17,2022,56994,9215394
2022-04-17 07:46:36,-15.6828,167.7723,199.4,5.8,"mww",NA,35,0.596,0.71,"us","us7000h2u9",2022-04-18 07:49:51,"58 km NE of Norsup, Vanuatu","earthquake",8.7,5.3,0.098,10,"reviewed","us","us","04/17/22 07:46:36",4,17,2022,27996,9186396
2022-04-17 01:20:48,-11.6561,166.8291,225.12,4.3,"mb",NA,146,3.785,0.45,"us","us7000h2sc",2022-04-17 01:39:18,"Santa Cruz Islands","earthquake",15.9,10.8,0.168,13,"reviewed","us","us","04/17/22 01:20:48",4,17,2022,4848,9163248
2022-04-16 23:44:07,-16.2315,167.9698,182.53,4.7,"mb",NA,62,1.073,0.6,"us","us7000h2rv",2022-04-26 04:04:13,"60 km ESE of Lakatoro, Vanuatu","earthquake",7.5,6.1,0.089,38,"reviewed","us","us","04/16/22 23:44:07",4,16,2022,85447,9157447
2022-04-16 23:21:43,-22.6143,170.5561,10,4.4,"mb",NA,123,2.873,0.65,"us","us6000hfc5",2022-04-26 03:53:22,"southeast of the Loyalty Islands","earthquake",3.9,1.9,0.203,7,"reviewed","us","us","04/16/22 23:21:43",4,16,2022,84103,9156103
2022-04-16 21:57:37,-22.3964,170.6628,10,5.3,"mww",NA,54,2.982,0.75,"us","us7000h2rc",2022-04-26 03:59:40,"southeast of the Loyalty Islands","earthquake",7.8,1.8,0.069,20,"reviewed","us","us","04/16/22 21:57:37",4,16,2022,79057,9151057
2022-04-15 14:35:50,-11.0728,166.5273,137.2,4.4,"mb",NA,102,4.397,0.47,"us","us6000hfaa",2022-04-22 07:40:45,"88 km ESE of Lata, Solomon Islands","earthquake",8.4,5.3,0.092,34,"reviewed","us","us","04/15/22 14:35:50",4,15,2022,52550,9038150
2022-04-15 14:22:43,-17.5429,168.667,10,5.3,"mww",NA,70,2.513,0.6,"us","us7000h2hw",2022-04-29 09:00:53,"43 km ENE of Port-Vila, Vanuatu","earthquake",7.1,1.8,0.073,18,"reviewed","us","us","04/15/22 14:22:43",4,15,2022,51763,9037363
2022-04-15 13:59:13,-17.4936,168.6746,213.71,4.3,"mb",NA,70,2.476,0.64,"us","us7000h2hs",2022-04-29 08:46:14,"46 km NE of Port-Vila, Vanuatu","earthquake",7.8,4.8,0.092,34,"reviewed","us","us","04/15/22 13:59:13",4,15,2022,50353,9035953
2022-04-14 11:02:50,-22.5402,170.4737,39.94,4.9,"mb",NA,105,2.798,1.27,"us","us7000h25p",2022-04-14 11:21:57,"289 km ESE of Tadine, New Caledonia","earthquake",8.1,7.7,0.084,45,"reviewed","us","us","04/14/22 11:02:50",4,14,2022,39770,8938970
2022-04-14 01:28:57,-19.1374,169.7119,288.01,4.3,"mb",NA,79,4.055,0.32,"us","us7000h3kr",2022-04-21 04:01:00,"63 km NE of Isangel, Vanuatu","earthquake",9.7,9.9,0.137,15,"reviewed","us","us","04/14/22 01:28:57",4,14,2022,5337,8904537
2022-04-13 21:44:35,-22.5553,170.258,10,4.7,"mb",NA,109,2.599,0.75,"us","us7000h1zr",2022-04-13 22:01:48,"269 km ESE of Tadine, New Caledonia","earthquake",6.7,1.9,0.183,10,"reviewed","us","us","04/13/22 21:44:35",4,13,2022,78275,8891075
2022-04-13 20:11:46,-12.6044,167.1591,226.82,4.4,"mb",NA,56,2.826,0.58,"us","us7000h1ye",2022-04-19 18:56:12,"146 km NNW of Sola, Vanuatu","earthquake",11.6,6.7,0.074,52,"reviewed","us","us","04/13/22 20:11:46",4,13,2022,72706,8885506
2022-04-13 02:32:00,-13.7229,166.7418,17,5.4,"mww",NA,28,1.771,0.53,"us","us7000h1lp",2022-04-14 21:44:29,"89 km W of Sola, Vanuatu","earthquake",7.4,1.7,0.071,19,"reviewed","us","us","04/13/22 02:32:00",4,13,2022,9120,8821920
2022-04-13 00:10:18,-22.5518,170.1618,10,4.5,"mb",NA,115,2.51,0.41,"us","us7000h3cq",2022-04-27 05:18:57,"260 km ESE of Tadine, New Caledonia","earthquake",4.8,1.9,0.22,6,"reviewed","us","us","04/13/22 00:10:18",4,13,2022,618,8813418
2022-04-12 20:53:47,-10.4573,160.8792,36.11,4.6,"mb",NA,105,1.366,0.51,"us","us7000h29t",2022-04-14 16:58:19,"114 km W of Kirakira, Solomon Islands","earthquake",7.9,7.9,0.132,20,"reviewed","us","us","04/12/22 20:53:47",4,12,2022,75227,8801627
2022-04-11 12:15:41,-10.1298,160.5896,38.98,4.9,"mb",NA,60,0.933,0.52,"us","us7000h19i",2022-04-29 06:40:50,"104 km SE of Honiara, Solomon Islands","earthquake",7.9,6.3,0.045,154,"reviewed","us","us","04/11/22 12:15:41",4,11,2022,44141,8684141
2022-04-11 10:53:41,-21.0491,168.5786,35.71,4.6,"mb",NA,104,1.878,0.78,"us","us7000h280",2022-04-18 12:39:43,"91 km NE of Tadine, New Caledonia","earthquake",8.4,7,0.157,12,"reviewed","us","us","04/11/22 10:53:41",4,11,2022,39221,8679221
2022-04-11 01:57:21,-17.5122,168.1214,10,4,"mb",NA,118,2.234,0.87,"us","us7000h27s",2022-04-25 04:35:37,"32 km NW of Port-Vila, Vanuatu","earthquake",10.4,1.9,0.259,5,"reviewed","us","us","04/11/22 01:57:21",4,11,2022,7041,8647041
2022-04-10 10:39:27,-14.3472,167.3212,173.23,4.4,"mb",NA,159,1.099,0.43,"us","us7000h251",2022-04-17 07:02:53,"57 km SSW of Sola, Vanuatu","earthquake",11.7,7.8,0.111,23,"reviewed","us","us","04/10/22 10:39:27",4,10,2022,38367,8591967
2022-04-10 04:24:06,-14.9578,167.452,114.24,4.3,"mb",NA,162,0.542,0.37,"us","us7000h10r",2022-04-15 00:34:26,"41 km ENE of Port-Olry, Vanuatu","earthquake",13.8,6.5,0.218,7,"reviewed","us","us","04/10/22 04:24:06",4,10,2022,15846,8569446
2022-04-10 01:24:44,-16.3201,167.4974,10,4.6,"mb",NA,161,0.913,1.13,"us","us7000h24k",2022-04-14 23:33:02,"25 km SSE of Lakatoro, Vanuatu","earthquake",10.2,1,0.224,7,"reviewed","us","us","04/10/22 01:24:44",4,10,2022,5084,8558684
2022-04-09 20:52:37,-16.3181,166.8507,10,6.3,"mww",NA,33,0.93,0.88,"us","us7000h0yj",2022-04-10 20:57:42,"64 km WSW of Norsup, Vanuatu","earthquake",5.6,1.7,0.038,68,"reviewed","us","us","04/09/22 20:52:37",4,9,2022,75157,8542357
2022-04-09 19:35:14,-22.9049,171.537,22.96,5,"mww",NA,64,3.786,0.91,"us","us7000h0y5",2022-04-09 20:17:25,"southeast of the Loyalty Islands","earthquake",8.9,4.5,0.098,10,"reviewed","us","us","04/09/22 19:35:14",4,9,2022,70514,8537714
2022-04-09 15:11:23,-13.9234,167.3699,192.89,4.3,"mb",NA,90,1.523,0.74,"us","us7000h1vd",2022-04-16 19:05:46,"20 km WSW of Sola, Vanuatu","earthquake",6.6,6.2,0.108,27,"reviewed","us","us","04/09/22 15:11:23",4,9,2022,54683,8521883
2022-04-08 19:40:51,-14.9859,167.5069,111.01,5,"mb",NA,179,0.544,0.65,"us","us7000h0su",2022-04-08 20:53:46,"47 km E of Port-Olry, Vanuatu","earthquake",11.4,6.7,0.109,27,"reviewed","us","us","04/08/22 19:40:51",4,8,2022,70851,8451651
2022-04-07 02:08:30,-10.7732,166.1261,35,4.5,"mb",NA,77,4.762,0.78,"us","us7000h1su",2022-04-17 23:13:32,"36 km E of Lata, Solomon Islands","earthquake",6.1,2,0.204,8,"reviewed","us","us","04/07/22 02:08:30",4,7,2022,7710,8302110
2022-04-06 22:44:09,-11.807,166.7016,180.82,4.4,"mb",NA,145,3.651,0.56,"us","us7000h1sf",2022-04-29 23:46:01,"155 km SE of Lata, Solomon Islands","earthquake",11.7,5.5,0.12,20,"reviewed","us","us","04/06/22 22:44:09",4,6,2022,81849,8289849
2022-04-06 19:07:32,-22.5141,170.3045,10,4.2,"mb",NA,117,2.643,1.12,"us","us7000h1sa",2022-04-13 18:45:30,"272 km ESE of Tadine, New Caledonia","earthquake",6.4,1.9,0.186,8,"reviewed","us","us","04/06/22 19:07:32",4,6,2022,68852,8276852
2022-04-06 02:49:54,-22.9824,170.3244,10,4.1,"mb",NA,182,2.681,0.93,"us","us7000h1sm",2022-04-30 00:16:26,"292 km E of Vao, New Caledonia","earthquake",9.3,2,0.3,3,"reviewed","us","us","04/06/22 02:49:54",4,6,2022,10194,8218194
2022-04-06 02:09:18,-22.9597,170.4331,10,4.6,"mb",NA,132,2.777,0.83,"us","us7000h1rf",2022-04-30 00:24:53,"southeast of the Loyalty Islands","earthquake",9.3,1.8,0.183,9,"reviewed","us","us","04/06/22 02:09:18",4,6,2022,7758,8215758
2022-04-06 01:32:00,-22.4827,170.7166,10,4.6,"mb",NA,175,3.025,0.68,"us","us7000h1sl",2022-04-30 00:42:50,"southeast of the Loyalty Islands","earthquake",9.2,2,0.193,8,"reviewed","us","us","04/06/22 01:32:00",4,6,2022,5520,8213520
2022-04-05 15:37:20,-14.0979,167.1388,159.72,4.5,"mb",NA,104,1.342,0.33,"us","us7000h0qy",2022-04-13 18:42:26,"50 km WSW of Sola, Vanuatu","earthquake",11.7,6.5,0.163,14,"reviewed","us","us","04/05/22 15:37:20",4,5,2022,56240,8177840
2022-04-05 03:51:32,-17.3681,165.6578,10,4.5,"mb",NA,66,2.418,0.9,"us","us7000h0qc",2022-04-14 00:32:48,"234 km SW of Lakatoro, Vanuatu","earthquake",6.1,1.9,0.192,11,"reviewed","us","us","04/05/22 03:51:32",4,5,2022,13892,8135492
2022-04-05 00:46:08,-22.5166,170.3936,10,4.8,"mb",NA,69,2.725,0.91,"us","us7000gzq4",2022-04-12 03:34:41,"280 km ESE of Tadine, New Caledonia","earthquake",4.8,1.8,0.083,45,"reviewed","us","us","04/05/22 00:46:08",4,5,2022,2768,8124368
2022-04-04 16:06:57,-17.4723,167.8625,31,6,"mww",NA,32,2.11,0.82,"us","usd000h551",2022-04-13 13:43:36,"56 km WNW of Port-Vila, Vanuatu","earthquake",6.9,1.8,0.046,45,"reviewed","us","us","04/04/22 16:06:57",4,4,2022,58017,8093217
2022-04-04 14:00:00,-21.9019,170.257,10,4.5,"mb",NA,200,2.698,0.66,"us","us7000h0nt",2022-04-12 13:28:09,"249 km E of Tadine, New Caledonia","earthquake",7.1,2,0.131,17,"reviewed","us","us","04/04/22 14:00:00",4,4,2022,50400,8085600
2022-04-04 13:43:14,-22.0363,170.2586,10,4.5,"mb",NA,151,2.666,0.62,"us","us7000h0ns",2022-04-12 13:15:31,"251 km ESE of Tadine, New Caledonia","earthquake",11.3,1.9,0.14,18,"reviewed","us","us","04/04/22 13:43:14",4,4,2022,49394,8084594
2022-04-04 06:48:13,-23.0319,170.5388,10,4.7,"mb",NA,114,2.883,0.51,"us","us7000gzi8",2022-04-04 07:11:35,"southeast of the Loyalty Islands","earthquake",10.4,1.9,0.137,16,"reviewed","us","us","04/04/22 06:48:13",4,4,2022,24493,8059693
2022-04-04 00:03:31,-22.439,169.9571,10,4.5,"mb",NA,74,2.327,0.57,"us","us7000gzgv",2022-04-19 04:27:38,"236 km ESE of Tadine, New Caledonia","earthquake",8.9,1.9,0.144,14,"reviewed","us","us","04/04/22 00:03:31",4,4,2022,211,8035411
2022-04-03 23:46:26,-22.4674,170.0841,10,4.5,"mb",NA,83,2.442,0.64,"us","us7000gzgs",2022-04-19 04:25:24,"249 km ESE of Tadine, New Caledonia","earthquake",9.1,1.9,0.136,16,"reviewed","us","us","04/03/22 23:46:26",4,3,2022,85586,8034386
2022-04-03 22:39:53,-22.7063,171.0918,10,4.3,"mb",NA,102,3.368,0.84,"us","us7000h0gm",2022-04-12 02:18:21,"southeast of the Loyalty Islands","earthquake",9.1,1.9,0.218,6,"reviewed","us","us","04/03/22 22:39:53",4,3,2022,81593,8030393
2022-04-03 20:06:17,-22.4731,170.1677,10,4.6,"mb",NA,85,2.519,1.02,"us","us7000h0gd",2022-04-15 21:10:17,"257 km ESE of Tadine, New Caledonia","earthquake",7.6,1.9,0.117,22,"reviewed","us","us","04/03/22 20:06:17",4,3,2022,72377,8021177
2022-04-03 18:44:29,-22.7765,170.0847,10,4.8,"mww",NA,185,2.441,0.51,"us","us7000gzeu",2022-04-03 19:23:08,"264 km ESE of Tadine, New Caledonia","earthquake",7.5,1.9,0.098,10,"reviewed","us","us","04/03/22 18:44:29",4,3,2022,67469,8016269
2022-04-03 18:32:29,-22.9375,170.0666,10,4.8,"mb",NA,93,2.439,0.96,"us","us7000gzez",2022-04-03 20:22:01,"265 km E of Vao, New Caledonia","earthquake",8.6,1.9,0.1,31,"reviewed","us","us","04/03/22 18:32:29",4,3,2022,66749,8015549
2022-04-03 15:40:28,-22.8756,170.0336,10,4.9,"mb",NA,108,2.402,0.75,"us","us7000h0g4",2022-04-11 13:31:19,"261 km E of Vao, New Caledonia","earthquake",9.2,1.8,0.08,52,"reviewed","us","us","04/03/22 15:40:28",4,3,2022,56428,8005228
2022-04-03 15:02:38,-21.9091,170.0202,12.12,4.6,"mb",NA,111,2.484,0.46,"us","us7000h0gg",2022-04-10 21:17:56,"224 km E of Tadine, New Caledonia","earthquake",10,5.1,0.244,7,"reviewed","us","us","04/03/22 15:02:38",4,3,2022,54158,8002958
2022-04-03 14:54:20,-22.8955,170.1639,10,4.7,"mb",NA,123,2.524,0.39,"us","us7000h0gf",2022-04-10 21:00:04,"275 km E of Vao, New Caledonia","earthquake",6.6,1.9,0.166,16,"reviewed","us","us","04/03/22 14:54:20",4,3,2022,53660,8002460
2022-04-03 13:13:13,-22.7772,170.183,10,4.4,"mb",NA,124,2.532,0.35,"us","us7000h0fz",2022-04-10 19:23:33,"273 km ESE of Tadine, New Caledonia","earthquake",15,1.9,0.241,6,"reviewed","us","us","04/03/22 13:13:13",4,3,2022,47593,7996393
2022-04-03 13:00:29,-22.6694,170.3769,5.39,4.2,"mb",NA,105,2.707,0.21,"us","us7000h0g9",2022-04-10 15:08:51,"286 km ESE of Tadine, New Caledonia","earthquake",11.1,6.4,0.176,11,"reviewed","us","us","04/03/22 13:00:29",4,3,2022,46829,7995629
2022-04-02 23:06:23,-22.5751,170.8928,10,4.9,"mb",NA,111,3.185,0.68,"us","us7000gz9t",2022-04-30 02:45:23,"southeast of the Loyalty Islands","earthquake",9,1.8,0.099,32,"reviewed","us","us","04/02/22 23:06:23",4,2,2022,83183,7945583
2022-04-02 23:04:56,-22.9075,170.5032,10,4.2,"mb",NA,107,2.836,0.39,"us","us7000h0ea",2022-04-30 02:55:40,"southeast of the Loyalty Islands","earthquake",6.5,1.9,0.215,6,"reviewed","us","us","04/02/22 23:04:56",4,2,2022,83096,7945496
2022-04-02 22:21:48,-22.917,170.72,10,4.5,"mb",NA,114,3.036,0.75,"us","us7000h0e7",2022-04-30 03:10:09,"southeast of the Loyalty Islands","earthquake",7.5,1.9,0.22,6,"reviewed","us","us","04/02/22 22:21:48",4,2,2022,80508,7942908
2022-04-02 18:45:00,-22.688,170.5432,9,5.6,"mww",NA,80,2.861,0.75,"us","us7000gz8x",2022-04-30 16:32:00,"southeast of the Loyalty Islands","earthquake",6.5,1.8,0.051,37,"reviewed","us","us","04/02/22 18:45:00",4,2,2022,67500,7929900
2022-04-02 16:23:37,-22.8487,170.7817,10,4.3,"mb",NA,70,3.088,1.11,"us","us7000h0e1",2022-04-15 20:01:26,"southeast of the Loyalty Islands","earthquake",7.8,1.7,0.133,16,"reviewed","us","us","04/02/22 16:23:37",4,2,2022,59017,7921417
2022-04-02 12:32:54,-12.2799,167.2967,228.62,4,"mb",NA,182,3.149,0.29,"us","us7000h0dt",2022-04-30 09:16:12,"178 km N of Sola, Vanuatu","earthquake",7.1,11,0.129,17,"reviewed","us","us","04/02/22 12:32:54",4,2,2022,45174,7907574
2022-04-02 10:45:57,-22.6607,170.5361,9.1,5.5,"mww",NA,109,2.854,0.75,"us","us7000gz79",2022-04-29 11:44:27,"southeast of the Loyalty Islands","earthquake",2.5,4.2,0.068,21,"reviewed","us","us","04/02/22 10:45:57",4,2,2022,38757,7901157
2022-04-02 09:00:15,-22.0596,170.8108,10,4.4,"mb",NA,209,3.163,0.66,"us","us7000h0dr",2022-04-29 07:16:24,"southeast of the Loyalty Islands","earthquake",14.3,2,0.162,11,"reviewed","us","us","04/02/22 09:00:15",4,2,2022,32415,7894815
2022-04-02 08:14:51,-22.2317,170.0665,10,4.4,"mb",NA,154,2.453,0.87,"us","us7000h0dk",2022-04-16 13:17:37,"238 km ESE of Tadine, New Caledonia","earthquake",12.8,1.9,0.143,14,"reviewed","us","us","04/02/22 08:14:51",4,2,2022,29691,7892091
2022-04-02 04:44:13,-22.9186,170.4824,10,4.2,"mb",NA,106,2.818,1.08,"us","us7000h0dd",2022-04-07 22:18:47,"southeast of the Loyalty Islands","earthquake",9.3,1.7,0.263,4,"reviewed","us","us","04/02/22 04:44:13",4,2,2022,17053,7879453
2022-04-02 04:15:06,-22.8883,170.5266,22.16,5.6,"mww",NA,77,2.856,1.32,"us","us7000gz5q",2022-04-28 21:21:28,"southeast of the Loyalty Islands","earthquake",8.1,4.1,0.061,26,"reviewed","us","us","04/02/22 04:15:06",4,2,2022,15306,7877706
2022-04-01 16:01:14,-8.5479,159.0203,108.03,4.4,"mb",NA,67,1.273,0.91,"us","us7000gz24",2022-04-25 15:09:36,"77 km SW of Buala, Solomon Islands","earthquake",8.8,5.4,0.098,30,"reviewed","us","us","04/01/22 16:01:14",4,1,2022,57674,7833674
2022-04-01 13:05:18,-22.6,170.2659,16,5.5,"mww",NA,32,2.605,0.9,"us","us7000gyza",2022-04-15 08:31:49,"272 km ESE of Tadine, New Caledonia","earthquake",4.6,1.7,0.057,30,"reviewed","us","us","04/01/22 13:05:18",4,1,2022,47118,7823118
2022-04-01 10:48:49,-22.0415,171.2427,10,4,"mb",NA,81,3.56,0.39,"us","us7000h068",2022-04-28 11:56:45,"southeast of the Loyalty Islands","earthquake",9,1.9,0.298,3,"reviewed","us","us","04/01/22 10:48:49",4,1,2022,38929,7814929
2022-04-01 10:17:26,-22.651,170.9853,10,4.1,"mb",NA,148,3.269,0.51,"us","us7000h067",2022-04-28 12:08:42,"southeast of the Loyalty Islands","earthquake",9.7,1.9,0.233,5,"reviewed","us","us","04/01/22 10:17:26",4,1,2022,37046,7813046
2022-04-01 01:27:32,-23.0792,170.6146,10,4.6,"mb",NA,107,2.959,1.02,"us","us7000h05x",2022-04-07 00:52:49,"southeast of the Loyalty Islands","earthquake",7.6,1.9,0.274,5,"reviewed","us","us","04/01/22 01:27:32",4,1,2022,5252,7781252
2022-04-01 01:15:28,-22.4795,170.6864,10,4.4,"mb",NA,186,2.998,0.97,"us","us7000h05w",2022-04-07 00:47:05,"southeast of the Loyalty Islands","earthquake",10.9,1.9,0.269,4,"reviewed","us","us","04/01/22 01:15:28",4,1,2022,4528,7780528
2022-04-01 01:08:14,-22.8832,170.5603,10,4.8,"mb",NA,106,2.887,0.61,"us","us7000gyum",2022-04-23 02:22:02,"southeast of the Loyalty Islands","earthquake",6.8,1.9,0.124,22,"reviewed","us","us","04/01/22 01:08:14",4,1,2022,4094,7780094
2022-04-01 00:12:39,-22.3586,170.2478,10,4.1,"mb",NA,187,2.603,0.34,"us","us7000h05u",2022-04-10 03:19:40,"260 km ESE of Tadine, New Caledonia","earthquake",8.9,2,0.37,2,"reviewed","us","us","04/01/22 00:12:39",4,1,2022,759,7776759
2022-03-31 23:32:34,-22.807,171.0845,10,4.6,"mb",NA,72,3.364,0.65,"us","us7000gzwg",2022-04-09 03:28:21,"southeast of the Loyalty Islands","earthquake",7.8,1.9,0.173,10,"reviewed","us","us","03/31/22 23:32:34",3,31,2022,84754,7774354
2022-03-31 23:13:42,-22.8819,170.8071,10,4.4,"mb",NA,154,3.113,0.39,"us","us7000gzwh",2022-04-09 03:37:32,"southeast of the Loyalty Islands","earthquake",7.7,2,0.24,5,"reviewed","us","us","03/31/22 23:13:42",3,31,2022,83622,7773222
2022-03-31 22:33:18,-22.8543,170.5397,10,4.5,"mb",NA,110,2.865,0.72,"us","us7000gzwd",2022-04-16 04:21:03,"southeast of the Loyalty Islands","earthquake",9.1,1.9,0.172,10,"reviewed","us","us","03/31/22 22:33:18",3,31,2022,81198,7770798
2022-03-31 21:59:44,-22.6706,170.65,10,5.1,"mb",NA,50,2.96,1.11,"us","us7000gyts",2022-03-31 22:15:41,"southeast of the Loyalty Islands","earthquake",7.5,1.9,0.073,62,"reviewed","us","us","03/31/22 21:59:44",3,31,2022,79184,7768784
2022-03-31 20:09:49,-22.6294,170.5407,10,4.5,"mb",NA,105,2.859,0.99,"us","us7000gzw9",2022-04-07 16:11:56,"299 km ESE of Tadine, New Caledonia","earthquake",5.1,1.9,0.156,12,"reviewed","us","us","03/31/22 20:09:49",3,31,2022,72589,7762189
2022-03-31 19:50:40,-22.6577,170.8084,20,6.4,"mww",NA,33,3.106,0.97,"us","us7000gysz",2022-04-27 19:56:06,"southeast of the Loyalty Islands","earthquake",7.9,1.8,0.034,81,"reviewed","us","us","03/31/22 19:50:40",3,31,2022,71440,7761040
2022-03-31 16:41:44,-22.9528,170.1807,10,4.2,"mb",NA,219,3.565,0.96,"us","us7000gzw8",2022-04-27 21:14:12,"277 km E of Vao, New Caledonia","earthquake",10.1,2,0.235,7,"reviewed","us","us","03/31/22 16:41:44",3,31,2022,60104,7749704
2022-03-31 15:54:27,-22.1992,170.2715,10,5.4,"mww",NA,45,2.646,0.88,"us","us7000gyr3",2022-04-29 18:05:41,"257 km ESE of Tadine, New Caledonia","earthquake",7.2,1.7,0.059,28,"reviewed","us","us","03/31/22 15:54:27",3,31,2022,57267,7746867
2022-03-31 15:36:46,-22.5135,170.118,10,4.4,"mb",NA,102,2.471,0.51,"us","us7000gzw3",2022-04-27 19:57:39,"254 km ESE of Tadine, New Caledonia","earthquake",8.1,1.9,0.12,24,"reviewed","us","us","03/31/22 15:36:46",3,31,2022,56206,7745806
2022-03-31 15:30:47,-22.6247,170.8025,10,5.1,"mww",NA,47,3.1,0.92,"us","us7000gyr4",2022-04-27 19:51:00,"southeast of the Loyalty Islands","earthquake",9,1.8,0.098,10,"reviewed","us","us","03/31/22 15:30:47",3,31,2022,55847,7745447
2022-03-31 15:29:53,-22.6847,170.7293,10,5.3,"mww",NA,49,3.033,0.84,"us","us7000gyqw",2022-04-27 19:43:09,"southeast of the Loyalty Islands","earthquake",9.8,1.8,0.098,10,"reviewed","us","us","03/31/22 15:29:53",3,31,2022,55793,7745393
2022-03-31 15:02:52,-11.9305,166.7315,62.7,4.6,"mb",NA,120,3.525,0.75,"us","us7000gzws",2022-04-27 19:35:24,"167 km SE of Lata, Solomon Islands","earthquake",9.5,7.4,0.173,13,"reviewed","us","us","03/31/22 15:02:52",3,31,2022,54172,7743772
2022-03-31 15:01:36,-22.4672,170.2232,10,4.4,"mb",NA,71,2.571,0.94,"us","us7000gzw2",2022-04-27 19:18:24,"262 km ESE of Tadine, New Caledonia","earthquake",7.9,1.7,0.134,23,"reviewed","us","us","03/31/22 15:01:36",3,31,2022,54096,7743696
2022-03-31 14:29:09,-22.2023,170.2967,10,4.4,"mb",NA,77,2.669,1.13,"us","us7000gzwt",2022-04-09 15:22:11,"260 km ESE of Tadine, New Caledonia","earthquake",9.8,1.9,0.149,17,"reviewed","us","us","03/31/22 14:29:09",3,31,2022,52149,7741749
2022-03-31 11:42:32,-22.3749,170.1287,10,4.5,"mb",NA,107,2.491,1.15,"us","us7000gyp9",2022-04-28 09:00:05,"249 km ESE of Tadine, New Caledonia","earthquake",8,1.9,0.136,19,"reviewed","us","us","03/31/22 11:42:32",3,31,2022,42152,7731752
2022-03-31 11:17:09,-22.3984,170.6964,10,4.2,"mb",NA,169,3.012,1.24,"us","us7000gzvs",2022-04-28 09:20:45,"southeast of the Loyalty Islands","earthquake",9.9,1.7,0.2,11,"reviewed","us","us","03/31/22 11:17:09",3,31,2022,40629,7730229
2022-03-31 10:59:45,-22.3871,170.299,10,4.1,"mb",NA,169,2.647,1.19,"us","us7000gzvr",2022-04-28 10:22:32,"266 km ESE of Tadine, New Caledonia","earthquake",10.6,1.9,0.213,7,"reviewed","us","us","03/31/22 10:59:45",3,31,2022,39585,7729185
2022-03-31 10:16:21,-22.6538,170.7397,10,5.1,"mb",NA,101,3.042,1.08,"us","us7000gyp3",2022-04-27 14:00:04,"southeast of the Loyalty Islands","earthquake",4,1.8,0.096,35,"reviewed","us","us","03/31/22 10:16:21",3,31,2022,36981,7726581
2022-03-31 09:38:05,-22.4878,170.7358,10,4.4,"mb",NA,120,3.043,1.07,"us","us7000gzvn",2022-04-28 09:06:51,"southeast of the Loyalty Islands","earthquake",10.3,1.9,0.203,7,"reviewed","us","us","03/31/22 09:38:05",3,31,2022,34685,7724285
2022-03-31 09:09:25,-22.3038,170.3081,10,4.4,"mb",NA,187,2.664,0.77,"us","us7000gzvk",2022-04-28 09:09:32,"264 km ESE of Tadine, New Caledonia","earthquake",9.6,1.9,0.169,11,"reviewed","us","us","03/31/22 09:09:25",3,31,2022,32965,7722565
2022-03-31 09:07:04,-22.4846,170.131,10,4.3,"mb",NA,163,2.485,0.64,"us","us7000gzvi",2022-04-07 07:40:16,"254 km ESE of Tadine, New Caledonia","earthquake",9.9,1.9,0.201,9,"reviewed","us","us","03/31/22 09:07:04",3,31,2022,32824,7722424
2022-03-31 08:53:32,-22.8507,170.4337,10,4.2,"mb",NA,111,2.768,0.35,"us","us7000gzvm",2022-04-27 06:51:20,"southeast of the Loyalty Islands","earthquake",8.9,1.9,0.167,14,"reviewed","us","us","03/31/22 08:53:32",3,31,2022,32012,7721612
2022-03-31 07:46:18,-22.5229,170.4522,10,4.4,"mb",NA,118,2.779,0.53,"us","us7000gzvz",2022-04-27 07:06:11,"286 km ESE of Tadine, New Caledonia","earthquake",4.8,1.9,0.155,16,"reviewed","us","us","03/31/22 07:46:18",3,31,2022,27978,7717578
2022-03-31 07:41:38,-22.3651,170.0337,10,4.7,"mb",NA,82,2.405,0.89,"us","us7000gynm",2022-04-27 06:08:38,"240 km ESE of Tadine, New Caledonia","earthquake",6.9,1.8,0.112,24,"reviewed","us","us","03/31/22 07:41:38",3,31,2022,27698,7717298
2022-03-31 07:29:38,-22.6125,170.4424,10,4.4,"mb",NA,108,2.768,0.4,"us","us7000gzvc",2022-04-27 06:39:10,"289 km ESE of Tadine, New Caledonia","earthquake",10.4,1.7,0.169,13,"reviewed","us","us","03/31/22 07:29:38",3,31,2022,26978,7716578
2022-03-31 07:22:01,-22.5452,170.1161,10,5.1,"mb",NA,83,2.468,0.5,"us","us7000gyng",2022-04-27 06:20:55,"255 km ESE of Tadine, New Caledonia","earthquake",7.6,1.8,0.084,46,"reviewed","us","us","03/31/22 07:22:01",3,31,2022,26521,7716121
2022-03-31 07:09:46,-22.2574,170.6888,10,4.4,"mb",NA,244,3.02,0.41,"us","us7000gzvw",2022-04-27 07:25:06,"southeast of the Loyalty Islands","earthquake",11.8,2,0.179,13,"reviewed","us","us","03/31/22 07:09:46",3,31,2022,25786,7715386
2022-03-31 06:56:57,-22.741,170.3585,10,4.3,"mb",NA,80,2.692,0.32,"us","us7000gzvp",2022-04-28 06:17:30,"287 km ESE of Tadine, New Caledonia","earthquake",6.4,1.9,0.188,11,"reviewed","us","us","03/31/22 06:56:57",3,31,2022,25017,7714617
2022-03-31 06:45:08,-22.5848,170.1191,10,4.9,"mb",NA,150,2.47,0.61,"us","us7000gyn9",2022-04-27 12:08:13,"258 km ESE of Tadine, New Caledonia","earthquake",9.4,1.9,0.094,36,"reviewed","us","us","03/31/22 06:45:08",3,31,2022,24308,7713908
2022-03-31 06:42:25,-22.688,170.1843,10,4.6,"mb",NA,82,2.53,0.35,"us","us7000gyn8",2022-04-27 12:02:50,"269 km ESE of Tadine, New Caledonia","earthquake",4,1.8,0.117,22,"reviewed","us","us","03/31/22 06:42:25",3,31,2022,24145,7713745
2022-03-31 06:31:48,-22.096,170.732,10,4.2,"mb",NA,198,3.084,0.45,"us","us7000gzwv",2022-04-28 08:06:02,"southeast of the Loyalty Islands","earthquake",7,2,0.166,11,"reviewed","us","us","03/31/22 06:31:48",3,31,2022,23508,7713108
2022-03-31 06:27:45,-22.402,170.1823,10,4.3,"mb",NA,154,2.538,0.43,"us","us7000gzvb",2022-04-28 07:33:45,"255 km ESE of Tadine, New Caledonia","earthquake",7.8,2,0.168,15,"reviewed","us","us","03/31/22 06:27:45",3,31,2022,23265,7712865
2022-03-31 06:24:41,-21.8083,170.3661,10,4.2,"mb",NA,189,2.821,0.48,"us","us7000gzvu",2022-04-28 06:35:13,"258 km E of Tadine, New Caledonia","earthquake",7.1,2,0.153,15,"reviewed","us","us","03/31/22 06:24:41",3,31,2022,23081,7712681
2022-03-31 06:23:01,-22.4521,170.1654,10,4.3,"mb",NA,208,2.518,0.51,"us","us7000gzwr",2022-04-28 05:59:31,"256 km ESE of Tadine, New Caledonia","earthquake",11.2,1.9,0.137,18,"reviewed","us","us","03/31/22 06:23:01",3,31,2022,22981,7712581
2022-03-31 06:20:42,-22.37,170.388,10,4,"mb",NA,192,2.731,0.32,"us","us7000gzwq",2022-04-28 05:20:28,"274 km ESE of Tadine, New Caledonia","earthquake",9.1,1.9,0.172,10,"reviewed","us","us","03/31/22 06:20:42",3,31,2022,22842,7712442
2022-03-31 06:17:03,-22.4157,170.3923,10,4.9,"mb",NA,96,2.731,0.54,"us","us7000gzvt",2022-04-27 10:23:41,"276 km ESE of Tadine, New Caledonia","earthquake",3.9,1.9,0.087,50,"reviewed","us","us","03/31/22 06:17:03",3,31,2022,22623,7712223
2022-03-31 06:12:24,-22.3751,170.3502,10,5.6,"mb",NA,70,2.695,0.68,"us","us7000gymz",2022-04-27 12:00:26,"271 km ESE of Tadine, New Caledonia","earthquake",3.2,1.8,0.049,150,"reviewed","us","us","03/31/22 06:12:24",3,31,2022,22344,7711944
2022-03-31 06:09:47,-22.3661,170.1769,10,5.2,"mb",NA,68,2.537,0.54,"us","us7000gymy",2022-04-27 11:02:13,"253 km ESE of Tadine, New Caledonia","earthquake",7.3,1.9,0.071,70,"reviewed","us","us","03/31/22 06:09:47",3,31,2022,22187,7711787
2022-03-31 06:07:59,-22.4937,170.1813,10,4.6,"mb",NA,108,2.53,0.4,"us","us7000gzva",2022-04-27 12:43:09,"259 km ESE of Tadine, New Caledonia","earthquake",7.9,1.9,0.122,24,"reviewed","us","us","03/31/22 06:07:59",3,31,2022,22079,7711679
2022-03-31 06:03:20,-22.3326,170.5345,10,4.9,"mb",NA,74,2.869,0.46,"us","us7000gzwu",2022-04-27 13:10:51,"287 km ESE of Tadine, New Caledonia","earthquake",9,1.9,0.14,28,"reviewed","us","us","03/31/22 06:03:20",3,31,2022,21800,7711400
2022-03-31 06:02:09,-22.4587,170.3916,10,5.9,"mww",NA,32,2.727,0.52,"us","us7000gymw",2022-04-29 18:00:47,"278 km ESE of Tadine, New Caledonia","earthquake",7.5,1.9,0.065,23,"reviewed","us","us","03/31/22 06:02:09",3,31,2022,21729,7711329
2022-03-31 06:01:42,-22.2977,170.3875,10,4,"mb",NA,71,2.738,0.88,"us","us7000gzv8",2022-04-27 08:34:38,"272 km ESE of Tadine, New Caledonia","earthquake",8.6,1.9,0.232,5,"reviewed","us","us","03/31/22 06:01:42",3,31,2022,21702,7711302
2022-03-31 05:58:50,-22.4516,170.6141,10,4.1,"mb",NA,191,2.933,0.72,"us","us7000gzv9",2022-04-27 09:50:20,"299 km ESE of Tadine, New Caledonia","earthquake",10.9,2,0.214,7,"reviewed","us","us","03/31/22 05:58:50",3,31,2022,21530,7711130
2022-03-31 05:55:47,-21.9169,170.3051,10,4.4,"mb",NA,186,2.737,0.29,"us","us7000gzvj",2022-04-27 09:34:08,"254 km E of Tadine, New Caledonia","earthquake",12.2,2,0.239,9,"reviewed","us","us","03/31/22 05:55:47",3,31,2022,21347,7710947
2022-03-31 05:44:01,-22.5855,170.3749,10,7,"mww",NA,26,2.706,0.81,"us","us7000gymk",2022-04-29 17:19:41,"281 km ESE of Tadine, New Caledonia","earthquake",7.1,1.8,0.057,30,"reviewed","us","us","03/31/22 05:44:01",3,31,2022,20641,7710241
2022-03-31 03:25:48,-22.312,170.2872,10,4.9,"mb",NA,102,2.644,0.9,"us","us7000gylu",2022-04-06 22:19:40,"262 km ESE of Tadine, New Caledonia","earthquake",5.9,1.8,0.104,29,"reviewed","us","us","03/31/22 03:25:48",3,31,2022,12348,7701948
2022-03-31 03:21:39,-22.5013,170.1925,10,4.5,"mb",NA,108,2.54,0.81,"us","us7000gzv4",2022-04-06 22:13:13,"261 km ESE of Tadine, New Caledonia","earthquake",7.4,1.4,0.171,10,"reviewed","us","us","03/31/22 03:21:39",3,31,2022,12099,7701699
2022-03-31 03:18:14,-22.3119,170.2493,10,4.7,"mb",NA,115,3.534,0.85,"us","us7000gzv2",2022-04-06 20:50:34,"258 km ESE of Tadine, New Caledonia","earthquake",6.8,1.9,0.142,15,"reviewed","us","us","03/31/22 03:18:14",3,31,2022,11894,7701494
2022-03-31 03:06:47,-22.4036,170.1699,10,5.7,"mww",NA,31,2.526,0.7,"us","us7000gyln",2022-04-06 05:03:09,"254 km ESE of Tadine, New Caledonia","earthquake",2.7,1.7,0.075,17,"reviewed","us","us","03/31/22 03:06:47",3,31,2022,11207,7700807
2022-03-31 02:50:16,-21.9174,170.2735,10,4.6,"mb",NA,106,2.708,0.85,"us","us7000gzv1",2022-04-06 04:45:49,"250 km E of Tadine, New Caledonia","earthquake",9.7,1.9,0.165,11,"reviewed","us","us","03/31/22 02:50:16",3,31,2022,10216,7699816
2022-03-31 01:34:15,-22.4898,170.1141,10,4.5,"mb",NA,68,2.469,0.9,"us","us7000gzux",2022-04-06 03:03:42,"253 km ESE of Tadine, New Caledonia","earthquake",8.2,1.9,0.157,12,"reviewed","us","us","03/31/22 01:34:15",3,31,2022,5655,7695255
2022-03-31 00:57:32,-22.4764,170.4448,10,4.6,"mb",NA,107,2.775,0.69,"us","us7000gzuv",2022-04-28 05:52:45,"284 km ESE of Tadine, New Caledonia","earthquake",4.8,1.9,0.146,14,"reviewed","us","us","03/31/22 00:57:32",3,31,2022,3452,7693052
2022-03-31 00:55:23,-22.4171,170.2551,10,4.6,"mb",NA,103,2.604,0.99,"us","us7000gzuw",2022-04-28 05:45:45,"263 km ESE of Tadine, New Caledonia","earthquake",5.3,1.8,0.133,17,"reviewed","us","us","03/31/22 00:55:23",3,31,2022,3323,7692923
2022-03-31 00:28:49,-22.52,170.3472,10,4.7,"mb",NA,104,2.682,0.92,"us","us7000gykr",2022-04-28 05:33:24,"276 km ESE of Tadine, New Caledonia","earthquake",8.1,1.8,0.089,38,"reviewed","us","us","03/31/22 00:28:49",3,31,2022,1729,7691329
2022-03-31 00:23:07,-22.4814,170.1304,10,4.7,"mb",NA,105,2.484,0.66,"us","us7000gykq",2022-04-28 05:29:31,"254 km ESE of Tadine, New Caledonia","earthquake",8,1.9,0.111,25,"reviewed","us","us","03/31/22 00:23:07",3,31,2022,1387,7690987
2022-03-30 23:56:20,-22.0964,170.3002,10,4.5,"mb",NA,109,2.691,0.63,"us","us7000gzm8",2022-04-28 05:00:13,"257 km ESE of Tadine, New Caledonia","earthquake",5.8,1.9,0.205,7,"reviewed","us","us","03/30/22 23:56:20",3,30,2022,86180,7689380
2022-03-30 23:54:31,-22.482,170.2814,10,5.1,"mb",NA,103,2.624,0.92,"us","us7000gyke",2022-04-28 04:54:48,"268 km ESE of Tadine, New Caledonia","earthquake",7.8,1.8,0.073,60,"reviewed","us","us","03/30/22 23:54:31",3,30,2022,86071,7689271
2022-03-30 22:41:25,-22.646,170.3013,10,4.4,"mb",NA,205,2.637,0.42,"us","us7000gzm7",2022-04-28 04:02:30,"277 km ESE of Tadine, New Caledonia","earthquake",9.5,1.9,0.203,7,"reviewed","us","us","03/30/22 22:41:25",3,30,2022,81685,7684885
2022-03-30 22:28:09,-22.656,170.1439,10,4.6,"mb",NA,103,2.492,0.55,"us","us7000gyjp",2022-04-28 03:54:04,"263 km ESE of Tadine, New Caledonia","earthquake",7.7,1.9,0.128,18,"reviewed","us","us","03/30/22 22:28:09",3,30,2022,80889,7684089
2022-03-30 21:32:27,-22.4476,170.2668,10,4.2,"mb",NA,205,2.612,0.5,"us","us7000gzm4",2022-04-28 03:27:16,"265 km ESE of Tadine, New Caledonia","earthquake",7,2,0.215,6,"reviewed","us","us","03/30/22 21:32:27",3,30,2022,77547,7680747
2022-03-30 21:13:25,-22.7097,169.9408,10,4.4,"mb",NA,243,2.306,0.63,"us","us7000gyj7",2022-04-28 03:14:32,"248 km ESE of Tadine, New Caledonia","earthquake",9.8,2,0.219,6,"reviewed","us","us","03/30/22 21:13:25",3,30,2022,76405,7679605
2022-03-30 20:56:58,-22.6709,170.3778,10,6.9,"mww",NA,42,2.708,1.11,"us","us7000gyj0",2022-04-05 14:38:00,"286 km ESE of Tadine, New Caledonia","earthquake",8.1,1.8,0.066,22,"reviewed","us","us","03/30/22 20:56:58",3,30,2022,75418,7678618
2022-03-29 19:36:20,-18.8831,168.8963,120.9,4.6,"mb",NA,134,3.78,0.73,"us","us7000gy79",2022-04-27 18:28:26,"83 km NNW of Isangel, Vanuatu","earthquake",7.2,4.9,0.09,39,"reviewed","us","us","03/29/22 19:36:20",3,29,2022,70580,7587380
2022-03-29 07:12:16,-22.0552,170.084,10,5.2,"mww",NA,42,2.504,1.04,"us","us7000gy1p",2022-04-27 05:51:09,"234 km ESE of Tadine, New Caledonia","earthquake",7.4,1.8,0.08,15,"reviewed","us","us","03/29/22 07:12:16",3,29,2022,25936,7542736
2022-03-29 04:08:17,-14.7264,167.4542,132.82,4.5,"mb",NA,132,0.756,0.58,"us","us7000gz0z",2022-04-04 00:14:37,"53 km NE of Port-Olry, Vanuatu","earthquake",13.3,6.5,0.125,19,"reviewed","us","us","03/29/22 04:08:17",3,29,2022,14897,7531697
2022-03-29 01:36:38,-18.7762,169.1094,208.87,4.9,"mb",NA,77,3.779,0.5,"us","us7000gxzm",2022-04-03 22:33:59,"86 km NNW of Isangel, Vanuatu","earthquake",7,5,0.037,232,"reviewed","us","us","03/29/22 01:36:38",3,29,2022,5798,7522598
2022-03-28 07:03:40,-13.4763,167.3155,10,4.3,"mb",NA,151,1.962,0.38,"us","us7000gyzt",2022-04-28 10:03:13,"51 km NNW of Sola, Vanuatu","earthquake",7.6,2,0.218,6,"reviewed","us","us","03/28/22 07:03:40",3,28,2022,25420,7455820
2022-03-26 06:17:38,-14.3482,167.4295,167,4.4,"mb",NA,88,1.114,0.62,"us","us7000gyq7",2022-04-15 04:39:45,"53 km SSW of Sola, Vanuatu","earthquake",7.5,8.8,0.126,18,"reviewed","us","us","03/26/22 06:17:38",3,26,2022,22658,7280258
2022-03-25 13:41:25,-17.8701,167.3255,10,4.4,"mb",NA,145,2.412,0.62,"us","us7000gx83",2022-04-08 06:09:57,"105 km W of Port-Vila, Vanuatu","earthquake",9.1,1.9,0.117,21,"reviewed","us","us","03/25/22 13:41:25",3,25,2022,49285,7220485
2022-03-25 09:22:59,-22.929,172.3552,10,4.3,"mb",NA,127,4.541,1.06,"us","us7000gygc",2022-04-21 12:43:15,"southeast of the Loyalty Islands","earthquake",10.4,1.5,0.177,10,"reviewed","us","us","03/25/22 09:22:59",3,25,2022,33779,7204979
2022-03-24 08:09:32,-15.1741,167.5655,133.44,4.5,"mb",NA,72,0.442,0.69,"us","us7000gwt1",2022-04-20 06:37:55,"54 km ESE of Port-Olry, Vanuatu","earthquake",7.5,6.1,0.125,19,"reviewed","us","us","03/24/22 08:09:32",3,24,2022,29372,7114172
2022-03-24 01:35:54,-13.7026,167.7215,258.32,4.6,"mb",NA,153,1.805,0.37,"us","us7000gy5y",2022-03-30 04:03:21,"26 km NE of Sola, Vanuatu","earthquake",14.1,6.1,0.173,10,"reviewed","us","us","03/24/22 01:35:54",3,24,2022,5754,7090554
2022-03-23 21:57:00,-15.0687,167.4522,115,6,"mww",NA,20,0.446,0.74,"us","us7000gwpw",2022-04-27 21:02:14,"40 km E of Port-Olry, Vanuatu","earthquake",8.3,1.8,0.039,63,"reviewed","us","us","03/23/22 21:57:00",3,23,2022,79020,7077420
2022-03-23 13:15:56,-10.9051,166.0963,68.73,4.3,"mb",NA,109,4.641,0.35,"us","us7000gy40",2022-04-21 12:51:21,"38 km ESE of Lata, Solomon Islands","earthquake",11.1,13.3,0.238,5,"reviewed","us","us","03/23/22 13:15:56",3,23,2022,47756,7046156
2022-03-23 11:57:30,-22.9295,172.4228,10,5.2,"mb",NA,126,4.603,0.98,"us","us6000h6x2",2022-04-08 06:21:14,"southeast of the Loyalty Islands","earthquake",9.6,1.9,0.11,27,"reviewed","us","us","03/23/22 11:57:30",3,23,2022,43050,7041450
2022-03-23 11:26:58,-14.9009,167.03,87.66,4.3,"mb",NA,147,0.568,0.38,"us","us7000gy3u",2022-04-08 06:11:28,"16 km NNW of Port-Olry, Vanuatu","earthquake",13.1,8.9,0.178,9,"reviewed","us","us","03/23/22 11:26:58",3,23,2022,41218,7039618
2022-03-22 03:48:11,-15.3998,167.5893,116.61,4.8,"mb",NA,144,0.375,0.43,"us","us6000h6kh",2022-03-27 23:51:24,"47 km ENE of Luganville, Vanuatu","earthquake",11.2,5.6,0.114,24,"reviewed","us","us","03/22/22 03:48:11",3,22,2022,13691,6925691
2022-03-21 14:31:18,-18.515,178.6671,548.85,4.1,"mb",NA,101,0.963,0.4,"us","us7000gx9y",2022-03-27 19:41:13,"47 km SSE of Suva, Fiji","earthquake",13.9,10.4,0.166,14,"reviewed","us","us","03/21/22 14:31:18",3,21,2022,52278,6877878
2022-03-20 00:09:39,-22.9159,171.0628,10,4.4,"mb",NA,127,3.351,1.31,"us","us7000gwxd",2022-04-27 21:01:29,"southeast of the Loyalty Islands","earthquake",9.7,1.9,0.178,9,"reviewed","us","us","03/20/22 00:09:39",3,20,2022,579,6739779
2022-03-19 23:19:43,-16.5036,178.1047,10,4.5,"mb",NA,130,1.235,0.5,"us","us7000gwuj",2022-04-27 21:32:07,"122 km NNE of Ba, Fiji","earthquake",10.3,1.9,0.242,5,"reviewed","us","us","03/19/22 23:19:43",3,19,2022,83983,6736783
2022-03-19 13:07:42,-10.0733,161.5184,101.74,4.4,"mb",NA,71,1.671,0.79,"us","us7000gwu2",2022-04-01 16:25:44,"60 km NW of Kirakira, Solomon Islands","earthquake",7.1,7,0.123,19,"reviewed","us","us","03/19/22 13:07:42",3,19,2022,47262,6700062
2022-03-19 11:22:53,-13.4486,167.2802,191.35,4.1,"mb",NA,186,1.988,0.59,"us","us7000gwtx",2022-04-15 09:45:35,"55 km NNW of Sola, Vanuatu","earthquake",14.7,8.3,0.158,14,"reviewed","us","us","03/19/22 11:22:53",3,19,2022,40973,6693773
2022-03-19 06:30:54,-15.1138,167.5876,121.85,4.3,"mb",NA,146,0.497,0.7,"us","us7000gwtq",2022-04-27 04:51:16,"55 km E of Port-Olry, Vanuatu","earthquake",13.6,4.1,0.177,10,"reviewed","us","us","03/19/22 06:30:54",3,19,2022,23454,6676254
2022-03-18 21:14:00,-10.4161,163.4341,10,4.3,"mb",NA,125,3.569,0.34,"us","us7000gwnw",2022-04-23 02:42:05,"165 km E of Kirakira, Solomon Islands","earthquake",8.9,1.9,0.218,6,"reviewed","us","us","03/18/22 21:14:00",3,18,2022,76440,6642840
2022-03-18 05:19:33,-9.7314,159.8105,36.15,4.9,"mb",NA,76,0.32,0.6,"us","us6000h5m3",2022-03-26 15:33:54,"10 km ESE of Malango, Solomon Islands","earthquake",6.7,3.8,0.072,60,"reviewed","us","us","03/18/22 05:19:33",3,18,2022,19173,6585573
2022-03-18 03:52:33,-22.714,170.8226,10,4.5,"mb",NA,181,3.12,1.02,"us","us7000gwmx",2022-03-24 00:34:17,"southeast of the Loyalty Islands","earthquake",13.6,1.9,0.242,6,"reviewed","us","us","03/18/22 03:52:33",3,18,2022,13953,6580353
2022-03-18 01:54:56,-9.8689,159.7465,10,4.1,"mb",NA,103,0.471,0.08,"us","us7000gwms",2022-03-23 23:24:40,"19 km S of Malango, Solomon Islands","earthquake",6.5,2,0.261,5,"reviewed","us","us","03/18/22 01:54:56",3,18,2022,6896,6573296
2022-03-17 15:19:17,-11.2462,165.4732,10,4.9,"mww",NA,102,4.502,0.58,"us","us6000h5f3",2022-04-12 18:11:19,"67 km SSW of Lata, Solomon Islands","earthquake",8.3,1.8,0.098,10,"reviewed","us","us","03/17/22 15:19:17",3,17,2022,55157,6535157
2022-03-15 03:14:01,-23.0961,178.7837,576.1,4.2,"mb",NA,138,11.403,0.71,"us","us6000h5sm",2022-03-22 00:23:43,"south of the Fiji Islands","earthquake",15.5,9.1,0.11,23,"reviewed","us","us","03/15/22 03:14:01",3,15,2022,11641,6318841
2022-03-14 20:13:24,-11.6114,165.6045,10,4.6,"mb",NA,136,4.117,0.87,"us","us6000h5s5",2022-04-13 17:33:41,"100 km SSW of Lata, Solomon Islands","earthquake",8.5,1.7,0.107,26,"reviewed","us","us","03/14/22 20:13:24",3,14,2022,72804,6293604
2022-03-14 08:28:20,-10.9553,166.473,157.22,4.5,"mb",NA,104,4.521,0.56,"us","us6000h4dh",2022-04-22 14:31:26,"78 km ESE of Lata, Solomon Islands","earthquake",9.9,5.3,0.066,67,"reviewed","us","us","03/14/22 08:28:20",3,14,2022,30500,6251300
2022-03-12 21:47:22,-15.8943,168.3303,267.14,4.4,"mb",NA,117,1.173,0.57,"us","us6000h436",2022-03-20 03:44:02,"100 km ENE of Lakatoro, Vanuatu","earthquake",12.3,7.5,0.112,23,"reviewed","us","us","03/12/22 21:47:22",3,12,2022,78442,6126442
2022-03-11 16:16:56,-21.5897,170.5947,139.34,4.8,"mb",NA,98,3.092,0.97,"us","us6000h3ts",2022-04-02 15:36:06,"264 km SSE of Isangel, Vanuatu","earthquake",8.8,6.1,0.069,65,"reviewed","us","us","03/11/22 16:16:56",3,11,2022,58616,6020216
2022-03-10 17:31:06,-15.8909,167.5508,10,4.1,"mb",NA,162,0.553,0.69,"us","us6000h548",2022-04-06 16:51:39,"25 km NE of Norsup, Vanuatu","earthquake",7.2,1.9,0.213,6,"reviewed","us","us","03/10/22 17:31:06",3,10,2022,63066,5938266
2022-03-10 03:14:52,-10.1337,161.4843,87.47,4.5,"mb",NA,106,1.664,0.78,"us","us6000h53v",2022-03-18 02:01:55,"59 km NW of Kirakira, Solomon Islands","earthquake",11.1,8.2,0.163,11,"reviewed","us","us","03/10/22 03:14:52",3,10,2022,11692,5886892
2022-03-09 21:37:11,-10.4114,161.253,43.56,4.5,"mb",NA,67,1.608,0.53,"us","us6000h3ey",2022-03-19 01:58:29,"73 km W of Kirakira, Solomon Islands","earthquake",8.8,7,0.089,37,"reviewed","us","us","03/09/22 21:37:11",3,9,2022,77831,5866631
2022-03-08 22:24:57,-22.395,171.4561,91.18,4.2,"mb",NA,184,3.714,0.46,"us","us6000h3un",2022-04-18 01:30:40,"southeast of the Loyalty Islands","earthquake",11.9,9.8,0.176,9,"reviewed","us","us","03/08/22 22:24:57",3,8,2022,80697,5783097
2022-03-06 22:13:50,-21.7241,173.137,10,4.4,"mb",NA,111,5.348,0.91,"us","us6000h3ln",2022-04-12 20:09:44,"Vanuatu region","earthquake",9.2,1.8,0.189,8,"reviewed","us","us","03/06/22 22:13:50",3,6,2022,80030,5609630
2022-03-06 21:07:26,-18.9049,169.5635,269.77,4.3,"mb",NA,76,4.112,0.74,"us","us6000h3lm",2022-03-10 22:23:08,"76 km NNE of Isangel, Vanuatu","earthquake",8.8,8.1,0.133,16,"reviewed","us","us","03/06/22 21:07:26",3,6,2022,76046,5605646
2022-03-05 11:04:09,-10.2293,161.1202,62.9,4,"mb",NA,104,1.397,0.39,"us","us6000h3ja",2022-04-01 12:01:40,"91 km WNW of Kirakira, Solomon Islands","earthquake",8.4,7.7,0.156,12,"reviewed","us","us","03/05/22 11:04:09",3,5,2022,39849,5483049
2022-03-02 17:22:03,-17.8077,167.5175,10,4.4,"mb",NA,99,2.366,0.51,"us","us6000h2tn",2022-03-08 16:47:05,"84 km W of Port-Vila, Vanuatu","earthquake",7,1.8,0.179,10,"reviewed","us","us","03/02/22 17:22:03",3,2,2022,62523,5246523
2022-03-02 07:24:15,-23.3739,171.9019,10,5,"mb",NA,103,4.174,0.7,"us","us6000h1bx",2022-03-26 11:43:21,NA,"earthquake",11,1.9,0.059,92,"reviewed","us","us","03/02/22 07:24:15",3,2,2022,26655,5210655
2022-02-27 21:19:12,-17.4713,168.6368,236.01,4.5,"mb",NA,66,2.437,0.55,"us","us6000h1ts",2022-03-08 02:04:52,"45 km NE of Port-Vila, Vanuatu","earthquake",10.8,6.4,0.144,14,"reviewed","us","us","02/27/22 21:19:12",2,27,2022,76752,5001552
2022-02-27 10:42:23,-15.1307,167.7549,119.76,4.6,"mb",NA,115,0.618,0.36,"us","us6000h1t4",2022-04-29 04:35:34,"74 km E of Port-Olry, Vanuatu","earthquake",12.2,5.9,0.114,23,"reviewed","us","us","02/27/22 10:42:23",2,27,2022,38543,4963343
2022-02-26 04:22:11,-20.5514,169.4199,65.22,5,"mb",NA,44,4.81,0.89,"us","us6000h0a8",2022-03-25 21:06:03,"112 km S of Isangel, Vanuatu","earthquake",9.8,3.7,0.055,111,"reviewed","us","us","02/26/22 04:22:11",2,26,2022,15731,4854131
2022-02-24 10:29:41,-14.9557,168.1057,10,4.6,"mb",NA,72,0.998,0.32,"us","us6000gzrw",2022-03-22 12:46:25,"111 km E of Port-Olry, Vanuatu","earthquake",6.7,1.9,0.082,46,"reviewed","us","us","02/24/22 10:29:41",2,24,2022,37781,4703381
2022-02-23 12:41:52,-14.8384,167.4094,117.45,4.4,"mb",NA,74,0.637,0.7,"us","us7000gn6e",2022-03-09 07:23:04,"42 km ENE of Port-Olry, Vanuatu","earthquake",11.2,7.1,0.135,16,"reviewed","us","us","02/23/22 12:41:52",2,23,2022,45712,4624912
2022-02-23 08:46:18,-14.8399,167.3738,117.33,4.7,"mb",NA,80,0.625,0.75,"us","us7000gn5d",2022-03-22 13:49:56,"39 km NE of Port-Olry, Vanuatu","earthquake",10,5.9,0.114,23,"reviewed","us","us","02/23/22 08:46:18",2,23,2022,31578,4610778
2022-02-23 00:11:26,-17.2331,168.4507,220.98,4.4,"mb",NA,202,5.141,0.72,"us","us6000h0ta",2022-03-04 04:12:44,"57 km NNE of Port-Vila, Vanuatu","earthquake",14.2,6.8,0.148,13,"reviewed","us","us","02/23/22 00:11:26",2,23,2022,686,4579886
2022-02-22 19:32:14,-21.0711,168.4945,10,4.6,"mb",NA,93,3.971,0.96,"us","us6000h04r",2022-03-18 20:26:58,"82 km NE of Tadine, New Caledonia","earthquake",8.5,1.9,0.141,18,"reviewed","us","us","02/22/22 19:32:14",2,22,2022,70334,4563134
2022-02-22 05:29:21,-10.4669,161.8073,58.37,4.3,"mb",NA,64,2.097,0.37,"us","us6000h040",2022-03-06 10:32:50,"12 km W of Kirakira, Solomon Islands","earthquake",10.7,8.4,0.133,16,"reviewed","us","us","02/22/22 05:29:21",2,22,2022,19761,4512561
2022-02-21 05:04:05,-22.7215,168.7817,10,4.5,"mb",NA,100,4.707,0.58,"us","us6000h01i",2022-02-25 12:30:34,"132 km E of Vao, New Caledonia","earthquake",8.3,1.9,0.205,10,"reviewed","us","us","02/21/22 05:04:05",2,21,2022,18245,4424645
2022-02-20 10:05:55,-23.1308,171.3629,10,4.5,"mb",NA,155,6.643,0.82,"us","us6000gzsz",2022-03-12 09:33:14,"southeast of the Loyalty Islands","earthquake",7.7,1.9,0.15,14,"reviewed","us","us","02/20/22 10:05:55",2,20,2022,36355,4356355
2022-02-20 08:32:31,-23.3663,171.0249,10,4.2,"mb",NA,129,6.296,0.57,"us","us6000gzsw",2022-03-13 11:40:21,"southeast of the Loyalty Islands","earthquake",9.4,1.8,0.146,15,"reviewed","us","us","02/20/22 08:32:31",2,20,2022,30751,4350751
2022-02-19 19:10:40,-8.4964,159.1075,96.72,4.3,"mb",NA,91,1.251,0.57,"us","us6000gzk1",2022-03-06 00:08:53,"66 km SW of Buala, Solomon Islands","earthquake",13.5,9.2,0.125,18,"reviewed","us","us","02/19/22 19:10:40",2,19,2022,69040,4302640
2022-02-18 18:39:40,-11.1488,166.2226,60.98,4.5,"mb",NA,83,4.377,0.76,"us","us7000gn88",2022-04-30 14:18:27,"66 km SE of Lata, Solomon Islands","earthquake",8.8,6,0.128,18,"reviewed","us","us","02/18/22 18:39:40",2,18,2022,67180,4214380
2022-02-17 03:35:57,-11.2174,166.1147,35,4.5,"mb",NA,120,4.335,0.51,"us","us7000gmzj",2022-04-30 14:18:21,"64 km SSE of Lata, Solomon Islands","earthquake",13.5,2,0.163,11,"reviewed","us","us","02/17/22 03:35:57",2,17,2022,12957,4073757
2022-02-16 01:35:29,-18.693,168.8787,155.03,4.6,"mb",NA,51,3.603,0.6,"us","us7000gl6h",2022-04-30 14:18:17,"103 km NNW of Isangel, Vanuatu","earthquake",9.9,5.5,0.097,32,"reviewed","us","us","02/16/22 01:35:29",2,16,2022,5729,3980129
2022-02-15 23:31:04,-12.5473,166.4477,35,4.3,"mb",NA,202,2.974,0.81,"us","us7000gm0q",2022-04-30 14:18:17,"189 km NW of Sola, Vanuatu","earthquake",12.7,2,0.201,7,"reviewed","us","us","02/15/22 23:31:04",2,15,2022,84664,3972664
2022-02-14 22:51:19,-25.483,178.5548,579.58,4.4,"mb",NA,96,4.897,0.61,"us","us7000gkwx",2022-04-30 14:18:13,"south of the Fiji Islands","earthquake",12.7,10.7,0.117,21,"reviewed","us","us","02/14/22 22:51:19",2,14,2022,82279,3883879
2022-02-14 13:28:03,-16.8805,178.998,10,4.2,"mb",NA,118,1.246,0.78,"us","us7000glz5",2022-04-30 14:18:12,"63 km SW of Labasa, Fiji","earthquake",7.6,1.9,0.305,4,"reviewed","us","us","02/14/22 13:28:03",2,14,2022,48483,3850083
2022-02-14 09:17:38,-10.5498,166.1487,174.22,4.1,"mb",NA,113,4.975,0.66,"us","us7000glyy",2022-04-30 14:18:11,"43 km ENE of Lata, Solomon Islands","earthquake",12.5,8.8,0.15,16,"reviewed","us","us","02/14/22 09:17:38",2,14,2022,33458,3835058
2022-02-14 00:57:41,-20.8444,173.5713,10,4.6,"mb",NA,74,5.236,0.48,"us","us7000glyh",2022-04-30 14:18:10,"Vanuatu region","earthquake",6.9,2,0.172,10,"reviewed","us","us","02/14/22 00:57:41",2,14,2022,3461,3805061
2022-02-13 16:10:37,-21.4266,168.635,10,4.3,"mb",NA,188,2.135,0.29,"us","us7000glq6",2022-04-30 14:18:07,"79 km E of Tadine, New Caledonia","earthquake",5,1.9,0.169,11,"reviewed","us","us","02/13/22 16:10:37",2,13,2022,58237,3773437
2022-02-13 14:48:02,-21.0579,173.5367,10,5.4,"mww",NA,106,5.387,0.68,"us","us7000gkjc",2022-04-30 14:18:07,"Vanuatu region","earthquake",4.5,1.8,0.059,28,"reviewed","us","us","02/13/22 14:48:02",2,13,2022,53282,3768482
2022-02-12 04:33:04,-9.8502,160.2303,33.54,5,"mb",NA,41,0.494,0.76,"us","us7000gk7u",2022-04-30 14:18:01,"55 km SSE of Honiara, Solomon Islands","earthquake",6.9,2.2,0.072,69,"reviewed","us","us","02/12/22 04:33:04",2,12,2022,16384,3645184
2022-02-11 23:47:45,-15.0457,168.1109,10,4.9,"mb",NA,56,0.962,0.78,"us","us7000gk5j",2022-04-19 17:40:13,"111 km E of Port-Olry, Vanuatu","earthquake",4.6,1.8,0.066,71,"reviewed","us","us","02/11/22 23:47:45",2,11,2022,85665,3628065
2022-02-11 14:09:35,-11.3264,163.5602,10,4.6,"mb",NA,60,4.018,0.67,"us","us7000gjzj",2022-04-19 17:39:55,"203 km ESE of Kirakira, Solomon Islands","earthquake",9.4,1.9,0.095,33,"reviewed","us","us","02/11/22 14:09:35",2,11,2022,50975,3593375
2022-02-11 09:25:43,-13.8575,167.7113,10,4.4,"mb",NA,84,1.655,0.33,"us","us7000gldm",2022-04-19 17:40:27,"17 km E of Sola, Vanuatu","earthquake",11.4,1.9,0.155,12,"reviewed","us","us","02/11/22 09:25:43",2,11,2022,33943,3576343
2022-02-10 21:13:08,-11.0004,162.7411,10,4.4,"mb",NA,51,3.157,0.61,"us","us7000gl3h",2022-04-19 17:40:25,"108 km SE of Kirakira, Solomon Islands","earthquake",5.1,1.9,0.126,18,"reviewed","us","us","02/10/22 21:13:08",2,10,2022,76388,3532388
2022-02-10 17:02:13,-12.4358,167.0943,226.41,4.1,"mb",NA,151,2.995,0.63,"us","us7000gl37",2022-04-19 17:40:23,"166 km NNW of Sola, Vanuatu","earthquake",11.4,6.2,0.112,22,"reviewed","us","us","02/10/22 17:02:13",2,10,2022,61333,3517333
2022-02-10 06:58:31,-15.0594,167.6764,121.24,4,"mb",NA,150,0.597,0.44,"us","us7000gl2y",2022-04-19 17:40:22,"64 km E of Port-Olry, Vanuatu","earthquake",6,6.9,0.144,15,"reviewed","us","us","02/10/22 06:58:31",2,10,2022,25111,3481111
2022-02-09 14:33:38,-22.6608,171.071,10,4.2,"mb",NA,126,3.348,0.36,"us","us7000gku1",2022-04-19 17:40:17,"southeast of the Loyalty Islands","earthquake",9.5,1.9,0.215,6,"reviewed","us","us","02/09/22 14:33:38",2,9,2022,52418,3422018
2022-02-09 03:08:46,-16.074,167.1828,175.35,3.9,"mb",NA,135,0.623,0.4,"us","us7000gktd",2022-04-19 17:38:18,"22 km W of Norsup, Vanuatu","earthquake",11.5,11.4,0.149,12,"reviewed","us","us","02/09/22 03:08:46",2,9,2022,11326,3380926
2022-02-09 01:42:05,-19.4067,167.835,10,4.8,"mb",NA,168,2.953,0.66,"us","us7000gkta",2022-04-19 17:40:14,"152 km W of Isangel, Vanuatu","earthquake",4.6,1.9,0.16,12,"reviewed","us","us","02/09/22 01:42:05",2,9,2022,6125,3375725
2022-02-08 15:44:16,-13.847,174.7816,10,4.4,"mb",NA,70,6.835,0.51,"us","us7000gk2f",2022-04-19 17:40:09,"Fiji region","earthquake",11.2,1.9,0.11,27,"reviewed","us","us","02/08/22 15:44:16",2,8,2022,56656,3339856
2022-02-08 13:04:53,-13.8407,174.5615,10,4.6,"mb",NA,118,7.298,0.69,"us","us7000gk20",2022-04-19 17:40:05,"Fiji region","earthquake",9.4,1.9,0.183,13,"reviewed","us","us","02/08/22 13:04:53",2,8,2022,47093,3330293
2022-02-08 12:57:46,-13.743,174.5274,10,4.8,"mb",NA,40,5.229,0.6,"us","us7000gk2a",2022-04-19 17:40:07,"Fiji region","earthquake",4.7,1.8,0.087,42,"reviewed","us","us","02/08/22 12:57:46",2,8,2022,46666,3329866
2022-02-07 21:43:58,-10.0082,161.628,86.11,4,"mb",NA,170,1.75,0.82,"us","us7000gk15",2022-04-19 17:40:01,"58 km NNW of Kirakira, Solomon Islands","earthquake",7.7,11.9,0.196,7,"reviewed","us","us","02/07/22 21:43:58",2,7,2022,78238,3275038
2022-02-07 08:45:36,-13.5,174.4075,10,5.3,"mww",NA,71,5.49,0.32,"us","us7000gisx",2022-04-19 17:38:57,"Fiji region","earthquake",9.4,1.7,0.069,20,"reviewed","us","us","02/07/22 08:45:36",2,7,2022,31536,3228336
2022-02-07 07:10:24,-22.843,171.1424,10,4.4,"mb",NA,116,3.419,0.43,"us","us7000gk0d",2022-04-19 17:39:57,NA,"earthquake",10.4,1.9,0.106,28,"reviewed","us","us","02/07/22 07:10:24",2,7,2022,25824,3222624
2022-02-07 06:58:23,-22.8462,171.2993,10,4.3,"mb",NA,117,3.564,0.78,"us","us7000gk0b",2022-04-19 17:39:57,"southeast of the Loyalty Islands","earthquake",5.2,1.9,0.178,10,"reviewed","us","us","02/07/22 06:58:23",2,7,2022,25103,3221903
2022-02-05 22:20:24,-22.7419,171.8685,10,4.9,"mb",NA,113,4.086,0.6,"us","us7000gjpt",2022-04-19 17:39:36,"southeast of the Loyalty Islands","earthquake",9.6,1.3,0.089,39,"reviewed","us","us","02/05/22 22:20:24",2,5,2022,80424,3104424
2022-02-05 10:01:52,-12.2154,167.0314,244.52,4.4,"mb",NA,116,3.216,0.43,"us","us7000gjp6",2022-04-19 17:39:33,"192 km NNW of Sola, Vanuatu","earthquake",13.9,7,0.098,32,"reviewed","us","us","02/05/22 10:01:52",2,5,2022,36112,3060112
2022-02-05 04:27:31,-10.7418,164.5779,10,4.7,"mb",NA,133,4.739,0.43,"us","us7000gjp4",2022-04-19 17:39:32,"133 km W of Lata, Solomon Islands","earthquake",6.1,1.9,0.226,8,"reviewed","us","us","02/05/22 04:27:31",2,5,2022,16051,3040051
2022-02-04 21:16:00,-18.2427,168.2087,21.56,4.7,"mb",NA,75,2.942,0.28,"us","us7000gjm0",2022-04-15 17:57:28,"57 km S of Port-Vila, Vanuatu","earthquake",7.3,5.7,0.118,22,"reviewed","us","us","02/04/22 21:16:00",2,4,2022,76560,3014160
2022-02-04 15:59:20,-18.2751,167.7623,10,4.9,"mb",NA,76,2.862,0.87,"us","us7000ghzj",2022-04-15 17:57:21,"83 km SW of Port-Vila, Vanuatu","earthquake",7.4,1.9,0.089,40,"reviewed","us","us","02/04/22 15:59:20",2,4,2022,57560,2995160
2022-02-03 22:47:41,-14.9485,168.336,10,4.7,"mb",NA,52,1.2,1.27,"us","us7000gjdy",2022-04-15 17:57:27,"136 km E of Port-Olry, Vanuatu","earthquake",7.1,1.9,0.098,32,"reviewed","us","us","02/03/22 22:47:41",2,3,2022,82061,2933261
2022-02-01 15:39:26,-22.9539,171.3794,10,4.6,"mb",NA,117,3.645,0.62,"us","us7000givl",2022-04-15 17:57:24,"southeast of the Loyalty Islands","earthquake",7.3,1.9,0.173,13,"reviewed","us","us","02/01/22 15:39:26",2,1,2022,56366,2734766
2022-02-01 15:26:44,-23.244,171.2247,10,4.3,"mb",NA,156,3.539,0.33,"us","us7000giw4",2022-04-15 17:57:24,"southeast of the Loyalty Islands","earthquake",7.3,2,0.376,2,"reviewed","us","us","02/01/22 15:26:44",2,1,2022,55604,2734004
2022-02-01 11:41:35,-23.1103,170.5092,10,4.7,"mb",NA,79,2.867,0.57,"us","us7000ggxc",2022-04-15 17:57:10,NA,"earthquake",7.9,1.8,0.096,14,"reviewed","us","us","02/01/22 11:41:35",2,1,2022,42095,2720495
2022-01-31 19:47:20,-16.2127,168.3546,187.45,4.4,"mb",NA,236,1.344,0.72,"us","us7000gi0g",2022-04-15 17:57:22,"101 km E of Lakatoro, Vanuatu","earthquake",16,13.6,0.179,9,"reviewed","us","us","01/31/22 19:47:20",1,31,2022,71240,2663240
2022-01-30 08:03:19,-15.4728,167.5833,94.32,4.2,"mb",NA,217,0.367,0.77,"us","us7000ghyf",2022-04-15 17:57:20,"45 km E of Luganville, Vanuatu","earthquake",13.4,6.2,0.152,13,"reviewed","us","us","01/30/22 08:03:19",1,30,2022,28999,2534599
2022-01-30 08:00:22,-18.5511,170.7613,199.12,4.1,"mb",NA,265,4.595,0.37,"us","us7000ghye",2022-04-15 17:57:20,"190 km NE of Isangel, Vanuatu","earthquake",7.8,13.1,0.166,11,"reviewed","us","us","01/30/22 08:00:22",1,30,2022,28822,2534422
2022-01-28 19:59:22,-11.3687,166.8007,217.37,4.3,"mb",NA,71,4.072,0.78,"us","us7000ghnu",2022-04-09 20:19:16,"130 km ESE of Lata, Solomon Islands","earthquake",10.8,7.5,0.088,44,"reviewed","us","us","01/28/22 19:59:22",1,28,2022,71962,2404762
2022-01-28 13:51:51,-16.4218,173.5379,10,4.4,"mb",NA,84,4.513,0.82,"us","us7000ghnn",2022-04-09 20:19:15,"Fiji region","earthquake",14.7,1.9,0.144,14,"reviewed","us","us","01/28/22 13:51:51",1,28,2022,49911,2382711
2022-01-28 09:29:01,-16.6408,173.7382,10,4.5,"mb",NA,75,4.267,0.32,"us","us7000ghng",2022-04-09 20:19:14,"Fiji region","earthquake",9.1,1.9,0.151,13,"reviewed","us","us","01/28/22 09:29:01",1,28,2022,34141,2366941
2022-01-28 08:53:38,-16.5578,173.4551,10,4.5,"mb",NA,90,4.551,0.94,"us","us7000ghnf",2022-04-09 20:19:13,"Fiji region","earthquake",12.8,1.9,0.157,14,"reviewed","us","us","01/28/22 08:53:38",1,28,2022,32018,2364818
2022-01-26 11:11:41,-19.2384,168.5609,57.45,4.9,"mb",NA,79,3.446,0.77,"us","us7000gf8i",2022-04-09 20:19:07,"82 km WNW of Isangel, Vanuatu","earthquake",8.2,7.3,0.083,46,"reviewed","us","us","01/26/22 11:11:41",1,26,2022,40301,2200301
2022-01-24 17:58:58,-11.6809,166.1795,73.25,4.5,"mb",NA,147,3.873,1.18,"us","us7000ggr7",2022-04-09 20:18:58,"113 km SSE of Lata, Solomon Islands","earthquake",7.9,8.1,0.151,13,"reviewed","us","us","01/24/22 17:58:58",1,24,2022,64738,2051938
2022-01-23 18:19:47,-18.436,176.3294,10,4.7,"mb",NA,71,1.777,1.07,"us","us7000ggni",2022-04-09 20:18:55,"134 km WSW of Nadi, Fiji","earthquake",5.9,1.8,0.092,36,"reviewed","us","us","01/23/22 18:19:47",1,23,2022,65987,1966787
2022-01-22 21:48:27,-18.9623,169.3975,240.84,5.1,"mb",NA,28,4.065,0.67,"us","us7000ge9z",2022-04-09 20:18:51,"65 km N of Isangel, Vanuatu","earthquake",7.7,4.3,0.047,150,"reviewed","us","us","01/22/22 21:48:27",1,22,2022,78507,1892907
2022-01-21 09:28:14,-15.9693,168.295,168.17,4.4,"mb",NA,148,1.172,0.5,"us","us7000gfw2",2022-04-01 17:40:37,"95 km E of Lakatoro, Vanuatu","earthquake",7.4,5.1,0.11,24,"reviewed","us","us","01/21/22 09:28:14",1,21,2022,34094,1762094
2022-01-20 15:47:09,-14.9736,167.8512,10,4.4,"mb",NA,217,0.782,0.91,"us","us7000gfut",2022-04-01 17:40:36,"84 km E of Port-Olry, Vanuatu","earthquake",7.4,1.9,0.203,9,"reviewed","us","us","01/20/22 15:47:09",1,20,2022,56829,1698429
2022-01-20 10:58:09,-14.988,167.9446,10,5.4,"mww",NA,46,0.848,1.39,"us","us7000gdi9",2022-04-01 17:40:21,"93 km E of Port-Olry, Vanuatu","earthquake",6.1,1.7,0.08,15,"reviewed","us","us","01/20/22 10:58:09",1,20,2022,39489,1681089
2022-01-19 21:38:53,-14.9355,167.4095,145.92,4.4,"mb",NA,194,0.546,0.69,"us","us7000gfl6",2022-04-01 17:40:35,"38 km ENE of Port-Olry, Vanuatu","earthquake",10.5,5.8,0.239,5,"reviewed","us","us","01/19/22 21:38:53",1,19,2022,77933,1633133
2022-01-19 17:45:10,-16.9282,168.2998,217.56,4.4,"mb",NA,124,1.81,0.69,"us","us7000gfl2",2022-04-01 17:40:35,"89 km N of Port-Vila, Vanuatu","earthquake",11.7,4.8,0.169,10,"reviewed","us","us","01/19/22 17:45:10",1,19,2022,63910,1619110
2022-01-19 05:14:04,-10.7406,166.4796,194.4,4.4,"mb",NA,122,4.731,0.66,"us","us7000gfke",2022-04-01 17:40:35,"74 km E of Lata, Solomon Islands","earthquake",8.8,5.8,0.162,14,"reviewed","us","us","01/19/22 05:14:04",1,19,2022,18844,1574044
2022-01-18 14:40:25,-11.3692,167.0713,262.25,4.2,"mb",NA,104,4.055,0.65,"us","us7000gfai",2022-04-01 17:40:34,"156 km ESE of Lata, Solomon Islands","earthquake",8.7,11.5,0.176,9,"reviewed","us","us","01/18/22 14:40:25",1,18,2022,52825,1521625
2022-01-17 19:51:36,-16.0084,167.9298,175.67,4.2,"mb",NA,209,0.895,0.5,"us","us7000gf1s",2022-04-01 17:40:32,"55 km E of Lakatoro, Vanuatu","earthquake",6.7,6.8,0.147,13,"reviewed","us","us","01/17/22 19:51:36",1,17,2022,71496,1453896
2022-01-17 01:03:46,-14.3814,167.2592,176.84,4.2,"mb",NA,92,1.06,0.66,"us","us7000gf02",2022-04-01 17:40:31,"64 km SSW of Sola, Vanuatu","earthquake",15.5,8.1,0.098,29,"reviewed","us","us","01/17/22 01:03:46",1,17,2022,3826,1386226
2022-01-16 05:17:58,-13.3101,167.1432,197.4,5.3,"mww",NA,46,2.125,0.46,"us","us7000gcdg",2022-04-01 17:40:12,"76 km NW of Sola, Vanuatu","earthquake",9.9,6.1,0.086,13,"reviewed","us","us","01/16/22 05:17:58",1,16,2022,19078,1315078
2022-01-15 14:37:11,-10.5573,161.2133,35,4.3,"mb",NA,108,1.67,0.9,"us","us7000geww",2022-04-01 17:40:29,"78 km W of Kirakira, Solomon Islands","earthquake",8.6,2,0.154,12,"reviewed","us","us","01/15/22 14:37:11",1,15,2022,52631,1262231
2022-01-14 08:21:27,-22.2582,170.4785,10,4.5,"mb",NA,107,2.827,0.74,"us","us7000gdxt",2022-03-19 22:08:01,"279 km ESE of Tadine, New Caledonia","earthquake",9.4,2,0.181,9,"reviewed","us","us","01/14/22 08:21:27",1,14,2022,30087,1153287
2022-01-14 01:28:44,-18.6356,176.3698,10,4.3,"mb",NA,123,1.828,0.93,"us","us7000gdxm",2022-03-19 22:08:00,"144 km SW of Nadi, Fiji","earthquake",8.4,1.9,0.267,6,"reviewed","us","us","01/14/22 01:28:44",1,14,2022,5324,1128524
2022-01-13 02:42:16,-11.4213,166.644,10,4.4,"mb",NA,84,4.038,0.63,"us","us7000gdvk",2022-03-19 22:07:55,"120 km SE of Lata, Solomon Islands","earthquake",13.8,1.9,0.22,6,"reviewed","us","us","01/13/22 02:42:16",1,13,2022,9736,1046536
2022-01-10 14:32:42,-14.8128,168.0575,10,4.6,"mb",NA,119,1.038,0.9,"us","us7000gd6y",2022-03-19 22:07:36,"108 km ENE of Port-Olry, Vanuatu","earthquake",4.2,1.9,0.165,11,"reviewed","us","us","01/10/22 14:32:42",1,10,2022,52362,829962
2022-01-10 08:42:46,-12.63,166.8328,126.3,4.4,"mb",NA,145,2.823,0.45,"us","us7000gd6n",2022-03-19 22:07:35,"158 km NNW of Sola, Vanuatu","earthquake",12.7,8.7,0.139,15,"reviewed","us","us","01/10/22 08:42:46",1,10,2022,31366,808966
2022-01-07 22:57:33,-20.4869,169.8026,128.7,4.3,"mb",NA,189,3.047,0.55,"us","us7000ga27",2022-03-12 22:19:16,"117 km SSE of Isangel, Vanuatu","earthquake",9.1,9.1,0.169,10,"reviewed","us","us","01/07/22 22:57:33",1,7,2022,82653,601053
2022-01-06 17:56:35,-11.0696,166.4877,139.59,4.4,"mb",NA,72,4.406,0.58,"us","us7000gc1r",2022-03-12 22:19:23,"84 km ESE of Lata, Solomon Islands","earthquake",10.3,2.7,0.092,34,"reviewed","us","us","01/06/22 17:56:35",1,6,2022,64595,496595
2022-01-06 02:48:36,-20.3159,168.8933,10,4.7,"mb",NA,111,2.653,0.5,"us","us7000gc18",2022-03-12 22:19:22,"94 km SSW of Isangel, Vanuatu","earthquake",5.5,1.9,0.142,15,"reviewed","us","us","01/06/22 02:48:36",1,6,2022,10116,442116
2022-01-06 02:00:46,-20.3209,168.7935,10,4.6,"mb",NA,85,2.603,0.79,"us","us7000gc17",2022-03-12 22:19:22,"100 km SSW of Isangel, Vanuatu","earthquake",8,1.9,0.206,7,"reviewed","us","us","01/06/22 02:00:46",1,6,2022,7246,439246
2022-01-05 19:42:35,-11.5589,166.4968,127.95,4.8,"mww",NA,42,3.925,0.59,"us","us7000g9bj",2022-03-12 22:19:10,"119 km SE of Lata, Solomon Islands","earthquake",9.1,4.9,0.098,10,"reviewed","us","us","01/05/22 19:42:35",1,5,2022,70955,416555
2022-01-05 16:43:09,-18.9797,169.6122,267.22,5,"mww",NA,40,4.143,0.79,"us","us7000g9aj",2022-03-12 22:19:09,"Vanuatu","earthquake",6.6,4.1,0.098,10,"reviewed","us","us","01/05/22 16:43:09",1,5,2022,60189,405789
2022-01-05 11:46:20,-20.1713,168.814,10,5.2,"mww",NA,55,2.743,0.76,"us","us7000g97b",2022-03-12 22:19:09,"85 km SW of Isangel, Vanuatu","earthquake",3.9,1.8,0.098,10,"reviewed","us","us","01/05/22 11:46:20",1,5,2022,42380,387980
2022-01-05 01:08:02,-17.88,168.3867,57.97,5,"mww",NA,82,2.672,0.76,"us","us7000g93v",2022-03-12 22:19:08,"17 km SSE of Port-Vila, Vanuatu","earthquake",8.4,5.1,0.089,12,"reviewed","us","us","01/05/22 01:08:02",1,5,2022,4082,349682
2022-01-05 00:47:46,-20.2727,168.8428,34.07,4.1,"mb",NA,139,2.667,0.87,"us","us7000gbzc",2022-03-12 22:19:21,"93 km SSW of Isangel, Vanuatu","earthquake",6.5,6.5,0.145,13,"reviewed","us","us","01/05/22 00:47:46",1,5,2022,2866,348466
2022-01-04 18:31:55,-20.4804,169.7151,117.71,5.8,"mww",NA,38,2.993,0.84,"us","us7000g8zf",2022-03-12 22:19:07,"113 km SSE of Isangel, Vanuatu","earthquake",4.5,3.6,0.049,40,"reviewed","us","us","01/04/22 18:31:55",1,4,2022,66715,325915
2022-01-04 14:15:06,-16.0891,168.1964,185.3,4.3,"mb",NA,145,1.149,0.62,"us","us7000g8xm",2022-03-12 22:19:07,"83 km E of Lakatoro, Vanuatu","earthquake",9.8,5.4,0.137,17,"reviewed","us","us","01/04/22 14:15:06",1,4,2022,51306,310506
2022-01-03 14:35:51,-15.014,166.8512,12.74,4.6,"mb",NA,93,0.548,0.43,"us","us7000gbl9",2022-03-12 22:19:19,"24 km W of Port-Olry, Vanuatu","earthquake",4.6,5.2,0.128,23,"reviewed","us","us","01/03/22 14:35:51",1,3,2022,52551,225351
2022-01-03 07:57:59,-19.9693,168.3208,10,4.3,"mb",NA,158,2.729,0.43,"us","us7000gbkz",2022-03-12 22:19:19,"111 km WSW of Isangel, Vanuatu","earthquake",12.1,1.8,0.238,6,"reviewed","us","us","01/03/22 07:57:59",1,3,2022,28679,201479
2022-01-03 07:49:00,-11.7633,167.3132,264.09,4.1,"mb",NA,120,3.663,0.69,"us","us7000gbkw",2022-03-12 22:19:18,"201 km SE of Lata, Solomon Islands","earthquake",11.4,9,0.13,18,"reviewed","us","us","01/03/22 07:49:00",1,3,2022,28140,200940
2022-01-03 02:09:44,-13.1864,166.8148,104,6,"mww",NA,33,2.278,1.18,"us","us7000g8kq",2022-03-12 22:19:02,"110 km NW of Sola, Vanuatu","earthquake",8.9,1.8,0.053,34,"reviewed","us","us","01/03/22 02:09:44",1,3,2022,7784,180584
2022-01-03 00:05:01,-14.8679,167.3603,104.47,4.3,"mb",NA,208,0.595,0.88,"us","us7000g8k5",2022-03-12 22:19:02,"36 km ENE of Port-Olry, Vanuatu","earthquake",13.8,6.9,0.116,21,"reviewed","us","us","01/03/22 00:05:01",1,3,2022,301,173101
2022-01-02 02:08:14,-10.1689,161.0132,10,4.4,"mb",NA,81,1.276,1.04,"us","us7000gbdl",2022-03-12 22:19:17,"104 km WNW of Kirakira, Solomon Islands","earthquake",6.6,1.8,0.155,15,"reviewed","us","us","01/02/22 02:08:14",1,2,2022,7694,94094
